,filename,label,class
57,Images/n02091032-Italian_greyhound\n02091032_1690.jpg,Italian_greyhound,1
803,Images/n02102177-Welsh_springer_spaniel\n02102177_716.jpg,Welsh_springer_spaniel,3
58,Images/n02091032-Italian_greyhound\n02091032_1743.jpg,Italian_greyhound,1
392,Images/n02104365-schipperke\n02104365_465.jpg,schipperke,4
313,Images/n02107574-Greater_Swiss_Mountain_dog\n02107574_467.jpg,Greater_Swiss_Mountain_dog,0
317,Images/n02107574-Greater_Swiss_Mountain_dog\n02107574_509.jpg,Greater_Swiss_Mountain_dog,0
740,Images/n02102177-Welsh_springer_spaniel\n02102177_3114.jpg,Welsh_springer_spaniel,3
43,Images/n02091032-Italian_greyhound\n02091032_1457.jpg,Italian_greyhound,1
743,Images/n02102177-Welsh_springer_spaniel\n02102177_3289.jpg,Welsh_springer_spaniel,3
430,Images/n02104365-schipperke\n02104365_6930.jpg,schipperke,4
33,Images/n02091032-Italian_greyhound\n02091032_1228.jpg,Italian_greyhound,1
66,Images/n02091032-Italian_greyhound\n02091032_20.jpg,Italian_greyhound,1
405,Images/n02104365-schipperke\n02104365_6199.jpg,schipperke,4
370,Images/n02104365-schipperke\n02104365_1837.jpg,schipperke,4
542,Images/n02097298-Scotch_terrier\n02097298_2468.jpg,Scotch_terrier,2
116,Images/n02091032-Italian_greyhound\n02091032_5678.jpg,Italian_greyhound,1
321,Images/n02107574-Greater_Swiss_Mountain_dog\n02107574_549.jpg,Greater_Swiss_Mountain_dog,0
716,Images/n02102177-Welsh_springer_spaniel\n02102177_2426.jpg,Welsh_springer_spaniel,3
59,Images/n02091032-Italian_greyhound\n02091032_1773.jpg,Italian_greyhound,1
287,Images/n02107574-Greater_Swiss_Mountain_dog\n02107574_2905.jpg,Greater_Swiss_Mountain_dog,0
764,Images/n02102177-Welsh_springer_spaniel\n02102177_3917.jpg,Welsh_springer_spaniel,3
744,Images/n02102177-Welsh_springer_spaniel\n02102177_3295.jpg,Welsh_springer_spaniel,3
494,Images/n02104365-schipperke\n02104365_9611.jpg,schipperke,4
246,Images/n02107574-Greater_Swiss_Mountain_dog\n02107574_215.jpg,Greater_Swiss_Mountain_dog,0
37,Images/n02091032-Italian_greyhound\n02091032_1358.jpg,Italian_greyhound,1
409,Images/n02104365-schipperke\n02104365_6395.jpg,schipperke,4
330,Images/n02107574-Greater_Swiss_Mountain_dog\n02107574_678.jpg,Greater_Swiss_Mountain_dog,0
440,Images/n02104365-schipperke\n02104365_7381.jpg,schipperke,4
21,Images/n02091032-Italian_greyhound\n02091032_1140.jpg,Italian_greyhound,1
38,Images/n02091032-Italian_greyhound\n02091032_1360.jpg,Italian_greyhound,1
454,Images/n02104365-schipperke\n02104365_7881.jpg,schipperke,4
11,Images/n02091032-Italian_greyhound\n02091032_10644.jpg,Italian_greyhound,1
667,Images/n02102177-Welsh_springer_spaniel\n02102177_1128.jpg,Welsh_springer_spaniel,3
304,Images/n02107574-Greater_Swiss_Mountain_dog\n02107574_330.jpg,Greater_Swiss_Mountain_dog,0
41,Images/n02091032-Italian_greyhound\n02091032_1400.jpg,Italian_greyhound,1
222,Images/n02107574-Greater_Swiss_Mountain_dog\n02107574_1531.jpg,Greater_Swiss_Mountain_dog,0
491,Images/n02104365-schipperke\n02104365_9489.jpg,schipperke,4
193,Images/n02107574-Greater_Swiss_Mountain_dog\n02107574_1077.jpg,Greater_Swiss_Mountain_dog,0
140,Images/n02091032-Italian_greyhound\n02091032_7406.jpg,Italian_greyhound,1
702,Images/n02102177-Welsh_springer_spaniel\n02102177_2054.jpg,Welsh_springer_spaniel,3
340,Images/n02107574-Greater_Swiss_Mountain_dog\n02107574_870.jpg,Greater_Swiss_Mountain_dog,0
221,Images/n02107574-Greater_Swiss_Mountain_dog\n02107574_15.jpg,Greater_Swiss_Mountain_dog,0
69,Images/n02091032-Italian_greyhound\n02091032_2180.jpg,Italian_greyhound,1
163,Images/n02091032-Italian_greyhound\n02091032_9018.jpg,Italian_greyhound,1
583,Images/n02097298-Scotch_terrier\n02097298_4872.jpg,Scotch_terrier,2
90,Images/n02091032-Italian_greyhound\n02091032_4012.jpg,Italian_greyhound,1
678,Images/n02102177-Welsh_springer_spaniel\n02102177_1471.jpg,Welsh_springer_spaniel,3
276,Images/n02107574-Greater_Swiss_Mountain_dog\n02107574_2650.jpg,Greater_Swiss_Mountain_dog,0
110,Images/n02091032-Italian_greyhound\n02091032_5435.jpg,Italian_greyhound,1
252,Images/n02107574-Greater_Swiss_Mountain_dog\n02107574_2276.jpg,Greater_Swiss_Mountain_dog,0
92,Images/n02091032-Italian_greyhound\n02091032_4210.jpg,Italian_greyhound,1
218,Images/n02107574-Greater_Swiss_Mountain_dog\n02107574_1491.jpg,Greater_Swiss_Mountain_dog,0
671,Images/n02102177-Welsh_springer_spaniel\n02102177_1210.jpg,Welsh_springer_spaniel,3
524,Images/n02097298-Scotch_terrier\n02097298_15174.jpg,Scotch_terrier,2
127,Images/n02091032-Italian_greyhound\n02091032_651.jpg,Italian_greyhound,1
260,Images/n02107574-Greater_Swiss_Mountain_dog\n02107574_2361.jpg,Greater_Swiss_Mountain_dog,0
434,Images/n02104365-schipperke\n02104365_725.jpg,schipperke,4
590,Images/n02097298-Scotch_terrier\n02097298_6110.jpg,Scotch_terrier,2
119,Images/n02091032-Italian_greyhound\n02091032_5904.jpg,Italian_greyhound,1
554,Images/n02097298-Scotch_terrier\n02097298_2976.jpg,Scotch_terrier,2
170,Images/n02091032-Italian_greyhound\n02091032_924.jpg,Italian_greyhound,1
404,Images/n02104365-schipperke\n02104365_6140.jpg,schipperke,4
466,Images/n02104365-schipperke\n02104365_8226.jpg,schipperke,4
792,Images/n02102177-Welsh_springer_spaniel\n02102177_575.jpg,Welsh_springer_spaniel,3
309,Images/n02107574-Greater_Swiss_Mountain_dog\n02107574_426.jpg,Greater_Swiss_Mountain_dog,0
422,Images/n02104365-schipperke\n02104365_6693.jpg,schipperke,4
597,Images/n02097298-Scotch_terrier\n02097298_65.jpg,Scotch_terrier,2
677,Images/n02102177-Welsh_springer_spaniel\n02102177_1423.jpg,Welsh_springer_spaniel,3
455,Images/n02104365-schipperke\n02104365_7887.jpg,schipperke,4
44,Images/n02091032-Italian_greyhound\n02091032_1470.jpg,Italian_greyhound,1
138,Images/n02091032-Italian_greyhound\n02091032_7200.jpg,Italian_greyhound,1
435,Images/n02104365-schipperke\n02104365_729.jpg,schipperke,4
301,Images/n02107574-Greater_Swiss_Mountain_dog\n02107574_3270.jpg,Greater_Swiss_Mountain_dog,0
100,Images/n02091032-Italian_greyhound\n02091032_4731.jpg,Italian_greyhound,1
148,Images/n02091032-Italian_greyhound\n02091032_7813.jpg,Italian_greyhound,1
258,Images/n02107574-Greater_Swiss_Mountain_dog\n02107574_2352.jpg,Greater_Swiss_Mountain_dog,0
378,Images/n02104365-schipperke\n02104365_2940.jpg,schipperke,4
649,Images/n02097298-Scotch_terrier\n02097298_9206.jpg,Scotch_terrier,2
533,Images/n02097298-Scotch_terrier\n02097298_2132.jpg,Scotch_terrier,2
234,Images/n02107574-Greater_Swiss_Mountain_dog\n02107574_1920.jpg,Greater_Swiss_Mountain_dog,0
652,Images/n02097298-Scotch_terrier\n02097298_9293.jpg,Scotch_terrier,2
332,Images/n02107574-Greater_Swiss_Mountain_dog\n02107574_750.jpg,Greater_Swiss_Mountain_dog,0
244,Images/n02107574-Greater_Swiss_Mountain_dog\n02107574_2086.jpg,Greater_Swiss_Mountain_dog,0
747,Images/n02102177-Welsh_springer_spaniel\n02102177_3377.jpg,Welsh_springer_spaniel,3
665,Images/n02102177-Welsh_springer_spaniel\n02102177_1055.jpg,Welsh_springer_spaniel,3
441,Images/n02104365-schipperke\n02104365_740.jpg,schipperke,4
624,Images/n02097298-Scotch_terrier\n02097298_8178.jpg,Scotch_terrier,2
129,Images/n02091032-Italian_greyhound\n02091032_6537.jpg,Italian_greyhound,1
183,Images/n02107574-Greater_Swiss_Mountain_dog\n02107574_1010.jpg,Greater_Swiss_Mountain_dog,0
158,Images/n02091032-Italian_greyhound\n02091032_8411.jpg,Italian_greyhound,1
117,Images/n02091032-Italian_greyhound\n02091032_570.jpg,Italian_greyhound,1
536,Images/n02097298-Scotch_terrier\n02097298_2227.jpg,Scotch_terrier,2
157,Images/n02091032-Italian_greyhound\n02091032_8369.jpg,Italian_greyhound,1
773,Images/n02102177-Welsh_springer_spaniel\n02102177_4102.jpg,Welsh_springer_spaniel,3
515,Images/n02097298-Scotch_terrier\n02097298_1319.jpg,Scotch_terrier,2
791,Images/n02102177-Welsh_springer_spaniel\n02102177_555.jpg,Welsh_springer_spaniel,3
777,Images/n02102177-Welsh_springer_spaniel\n02102177_4211.jpg,Welsh_springer_spaniel,3
476,Images/n02104365-schipperke\n02104365_8769.jpg,schipperke,4
808,Images/n02102177-Welsh_springer_spaniel\n02102177_881.jpg,Welsh_springer_spaniel,3
799,Images/n02102177-Welsh_springer_spaniel\n02102177_671.jpg,Welsh_springer_spaniel,3
609,Images/n02097298-Scotch_terrier\n02097298_7517.jpg,Scotch_terrier,2
547,Images/n02097298-Scotch_terrier\n02097298_2609.jpg,Scotch_terrier,2
519,Images/n02097298-Scotch_terrier\n02097298_14007.jpg,Scotch_terrier,2
126,Images/n02091032-Italian_greyhound\n02091032_636.jpg,Italian_greyhound,1
449,Images/n02104365-schipperke\n02104365_7643.jpg,schipperke,4
457,Images/n02104365-schipperke\n02104365_7906.jpg,schipperke,4
262,Images/n02107574-Greater_Swiss_Mountain_dog\n02107574_2377.jpg,Greater_Swiss_Mountain_dog,0
436,Images/n02104365-schipperke\n02104365_7301.jpg,schipperke,4
728,Images/n02102177-Welsh_springer_spaniel\n02102177_2677.jpg,Welsh_springer_spaniel,3
604,Images/n02097298-Scotch_terrier\n02097298_7115.jpg,Scotch_terrier,2
4,Images/n02091032-Italian_greyhound\n02091032_10314.jpg,Italian_greyhound,1
630,Images/n02097298-Scotch_terrier\n02097298_8301.jpg,Scotch_terrier,2
359,Images/n02104365-schipperke\n02104365_10598.jpg,schipperke,4
178,Images/n02091032-Italian_greyhound\n02091032_978.jpg,Italian_greyhound,1
381,Images/n02104365-schipperke\n02104365_330.jpg,schipperke,4
410,Images/n02104365-schipperke\n02104365_6428.jpg,schipperke,4
418,Images/n02104365-schipperke\n02104365_6625.jpg,schipperke,4
0,Images/n02091032-Italian_greyhound\n02091032_10079.jpg,Italian_greyhound,1
484,Images/n02104365-schipperke\n02104365_9248.jpg,schipperke,4
700,Images/n02102177-Welsh_springer_spaniel\n02102177_2010.jpg,Welsh_springer_spaniel,3
438,Images/n02104365-schipperke\n02104365_7368.jpg,schipperke,4
96,Images/n02091032-Italian_greyhound\n02091032_458.jpg,Italian_greyhound,1
666,Images/n02102177-Welsh_springer_spaniel\n02102177_108.jpg,Welsh_springer_spaniel,3
14,Images/n02091032-Italian_greyhound\n02091032_1072.jpg,Italian_greyhound,1
528,Images/n02097298-Scotch_terrier\n02097298_1790.jpg,Scotch_terrier,2
384,Images/n02104365-schipperke\n02104365_3649.jpg,schipperke,4
591,Images/n02097298-Scotch_terrier\n02097298_6261.jpg,Scotch_terrier,2
56,Images/n02091032-Italian_greyhound\n02091032_1684.jpg,Italian_greyhound,1
165,Images/n02091032-Italian_greyhound\n02091032_907.jpg,Italian_greyhound,1
335,Images/n02107574-Greater_Swiss_Mountain_dog\n02107574_785.jpg,Greater_Swiss_Mountain_dog,0
31,Images/n02091032-Italian_greyhound\n02091032_12113.jpg,Italian_greyhound,1
714,Images/n02102177-Welsh_springer_spaniel\n02102177_2405.jpg,Welsh_springer_spaniel,3
190,Images/n02107574-Greater_Swiss_Mountain_dog\n02107574_1051.jpg,Greater_Swiss_Mountain_dog,0
228,Images/n02107574-Greater_Swiss_Mountain_dog\n02107574_1706.jpg,Greater_Swiss_Mountain_dog,0
2,Images/n02091032-Italian_greyhound\n02091032_1030.jpg,Italian_greyhound,1
155,Images/n02091032-Italian_greyhound\n02091032_8265.jpg,Italian_greyhound,1
270,Images/n02107574-Greater_Swiss_Mountain_dog\n02107574_2574.jpg,Greater_Swiss_Mountain_dog,0
214,Images/n02107574-Greater_Swiss_Mountain_dog\n02107574_1441.jpg,Greater_Swiss_Mountain_dog,0
357,Images/n02104365-schipperke\n02104365_10399.jpg,schipperke,4
712,Images/n02102177-Welsh_springer_spaniel\n02102177_2388.jpg,Welsh_springer_spaniel,3
203,Images/n02107574-Greater_Swiss_Mountain_dog\n02107574_1214.jpg,Greater_Swiss_Mountain_dog,0
91,Images/n02091032-Italian_greyhound\n02091032_4087.jpg,Italian_greyhound,1
691,Images/n02102177-Welsh_springer_spaniel\n02102177_1798.jpg,Welsh_springer_spaniel,3
543,Images/n02097298-Scotch_terrier\n02097298_2492.jpg,Scotch_terrier,2
160,Images/n02091032-Italian_greyhound\n02091032_870.jpg,Italian_greyhound,1
785,Images/n02102177-Welsh_springer_spaniel\n02102177_453.jpg,Welsh_springer_spaniel,3
705,Images/n02102177-Welsh_springer_spaniel\n02102177_210.jpg,Welsh_springer_spaniel,3
776,Images/n02102177-Welsh_springer_spaniel\n02102177_4202.jpg,Welsh_springer_spaniel,3
605,Images/n02097298-Scotch_terrier\n02097298_7143.jpg,Scotch_terrier,2
111,Images/n02091032-Italian_greyhound\n02091032_55.jpg,Italian_greyhound,1
544,Images/n02097298-Scotch_terrier\n02097298_2500.jpg,Scotch_terrier,2
135,Images/n02091032-Italian_greyhound\n02091032_708.jpg,Italian_greyhound,1
809,Images/n02102177-Welsh_springer_spaniel\n02102177_922.jpg,Welsh_springer_spaniel,3
656,Images/n02097298-Scotch_terrier\n02097298_9499.jpg,Scotch_terrier,2
756,Images/n02102177-Welsh_springer_spaniel\n02102177_3660.jpg,Welsh_springer_spaniel,3
209,Images/n02107574-Greater_Swiss_Mountain_dog\n02107574_1390.jpg,Greater_Swiss_Mountain_dog,0
196,Images/n02107574-Greater_Swiss_Mountain_dog\n02107574_1097.jpg,Greater_Swiss_Mountain_dog,0
577,Images/n02097298-Scotch_terrier\n02097298_432.jpg,Scotch_terrier,2
5,Images/n02091032-Italian_greyhound\n02091032_1034.jpg,Italian_greyhound,1
428,Images/n02104365-schipperke\n02104365_6800.jpg,schipperke,4
390,Images/n02104365-schipperke\n02104365_4258.jpg,schipperke,4
348,Images/n02107574-Greater_Swiss_Mountain_dog\n02107574_986.jpg,Greater_Swiss_Mountain_dog,0
123,Images/n02091032-Italian_greyhound\n02091032_6179.jpg,Italian_greyhound,1
429,Images/n02104365-schipperke\n02104365_6927.jpg,schipperke,4
325,Images/n02107574-Greater_Swiss_Mountain_dog\n02107574_599.jpg,Greater_Swiss_Mountain_dog,0
701,Images/n02102177-Welsh_springer_spaniel\n02102177_2018.jpg,Welsh_springer_spaniel,3
231,Images/n02107574-Greater_Swiss_Mountain_dog\n02107574_1825.jpg,Greater_Swiss_Mountain_dog,0
521,Images/n02097298-Scotch_terrier\n02097298_1410.jpg,Scotch_terrier,2
210,Images/n02107574-Greater_Swiss_Mountain_dog\n02107574_140.jpg,Greater_Swiss_Mountain_dog,0
46,Images/n02091032-Italian_greyhound\n02091032_1518.jpg,Italian_greyhound,1
161,Images/n02091032-Italian_greyhound\n02091032_877.jpg,Italian_greyhound,1
794,Images/n02102177-Welsh_springer_spaniel\n02102177_626.jpg,Welsh_springer_spaniel,3
280,Images/n02107574-Greater_Swiss_Mountain_dog\n02107574_2665.jpg,Greater_Swiss_Mountain_dog,0
403,Images/n02104365-schipperke\n02104365_6131.jpg,schipperke,4
500,Images/n02104365-schipperke\n02104365_9954.jpg,schipperke,4
72,Images/n02091032-Italian_greyhound\n02091032_2687.jpg,Italian_greyhound,1
109,Images/n02091032-Italian_greyhound\n02091032_5431.jpg,Italian_greyhound,1
548,Images/n02097298-Scotch_terrier\n02097298_2671.jpg,Scotch_terrier,2
564,Images/n02097298-Scotch_terrier\n02097298_3579.jpg,Scotch_terrier,2
574,Images/n02097298-Scotch_terrier\n02097298_4092.jpg,Scotch_terrier,2
139,Images/n02091032-Italian_greyhound\n02091032_722.jpg,Italian_greyhound,1
729,Images/n02102177-Welsh_springer_spaniel\n02102177_2737.jpg,Welsh_springer_spaniel,3
358,Images/n02104365-schipperke\n02104365_10514.jpg,schipperke,4
416,Images/n02104365-schipperke\n02104365_6575.jpg,schipperke,4
365,Images/n02104365-schipperke\n02104365_1166.jpg,schipperke,4
26,Images/n02091032-Italian_greyhound\n02091032_1170.jpg,Italian_greyhound,1
168,Images/n02091032-Italian_greyhound\n02091032_9183.jpg,Italian_greyhound,1
285,Images/n02107574-Greater_Swiss_Mountain_dog\n02107574_2795.jpg,Greater_Swiss_Mountain_dog,0
560,Images/n02097298-Scotch_terrier\n02097298_3483.jpg,Scotch_terrier,2
620,Images/n02097298-Scotch_terrier\n02097298_8046.jpg,Scotch_terrier,2
557,Images/n02097298-Scotch_terrier\n02097298_3301.jpg,Scotch_terrier,2
722,Images/n02102177-Welsh_springer_spaniel\n02102177_2586.jpg,Welsh_springer_spaniel,3
529,Images/n02097298-Scotch_terrier\n02097298_1941.jpg,Scotch_terrier,2
208,Images/n02107574-Greater_Swiss_Mountain_dog\n02107574_1387.jpg,Greater_Swiss_Mountain_dog,0
644,Images/n02097298-Scotch_terrier\n02097298_8974.jpg,Scotch_terrier,2
594,Images/n02097298-Scotch_terrier\n02097298_6383.jpg,Scotch_terrier,2
411,Images/n02104365-schipperke\n02104365_6489.jpg,schipperke,4
331,Images/n02107574-Greater_Swiss_Mountain_dog\n02107574_743.jpg,Greater_Swiss_Mountain_dog,0
753,Images/n02102177-Welsh_springer_spaniel\n02102177_3607.jpg,Welsh_springer_spaniel,3
389,Images/n02104365-schipperke\n02104365_4190.jpg,schipperke,4
755,Images/n02102177-Welsh_springer_spaniel\n02102177_3658.jpg,Welsh_springer_spaniel,3
622,Images/n02097298-Scotch_terrier\n02097298_8101.jpg,Scotch_terrier,2
334,Images/n02107574-Greater_Swiss_Mountain_dog\n02107574_778.jpg,Greater_Swiss_Mountain_dog,0
647,Images/n02097298-Scotch_terrier\n02097298_91.jpg,Scotch_terrier,2
672,Images/n02102177-Welsh_springer_spaniel\n02102177_1241.jpg,Welsh_springer_spaniel,3
658,Images/n02097298-Scotch_terrier\n02097298_9677.jpg,Scotch_terrier,2
469,Images/n02104365-schipperke\n02104365_8451.jpg,schipperke,4
64,Images/n02091032-Italian_greyhound\n02091032_1918.jpg,Italian_greyhound,1
758,Images/n02102177-Welsh_springer_spaniel\n02102177_3686.jpg,Welsh_springer_spaniel,3
556,Images/n02097298-Scotch_terrier\n02097298_3238.jpg,Scotch_terrier,2
511,Images/n02097298-Scotch_terrier\n02097298_12001.jpg,Scotch_terrier,2
344,Images/n02107574-Greater_Swiss_Mountain_dog\n02107574_955.jpg,Greater_Swiss_Mountain_dog,0
762,Images/n02102177-Welsh_springer_spaniel\n02102177_3875.jpg,Welsh_springer_spaniel,3
661,Images/n02097298-Scotch_terrier\n02097298_998.jpg,Scotch_terrier,2
627,Images/n02097298-Scotch_terrier\n02097298_825.jpg,Scotch_terrier,2
736,Images/n02102177-Welsh_springer_spaniel\n02102177_2911.jpg,Welsh_springer_spaniel,3
479,Images/n02104365-schipperke\n02104365_9004.jpg,schipperke,4
760,Images/n02102177-Welsh_springer_spaniel\n02102177_3729.jpg,Welsh_springer_spaniel,3
541,Images/n02097298-Scotch_terrier\n02097298_2443.jpg,Scotch_terrier,2
735,Images/n02102177-Welsh_springer_spaniel\n02102177_2910.jpg,Welsh_springer_spaniel,3
211,Images/n02107574-Greater_Swiss_Mountain_dog\n02107574_1415.jpg,Greater_Swiss_Mountain_dog,0
217,Images/n02107574-Greater_Swiss_Mountain_dog\n02107574_1472.jpg,Greater_Swiss_Mountain_dog,0
426,Images/n02104365-schipperke\n02104365_6755.jpg,schipperke,4
103,Images/n02091032-Italian_greyhound\n02091032_4971.jpg,Italian_greyhound,1
250,Images/n02107574-Greater_Swiss_Mountain_dog\n02107574_225.jpg,Greater_Swiss_Mountain_dog,0
202,Images/n02107574-Greater_Swiss_Mountain_dog\n02107574_1180.jpg,Greater_Swiss_Mountain_dog,0
145,Images/n02091032-Italian_greyhound\n02091032_769.jpg,Italian_greyhound,1
613,Images/n02097298-Scotch_terrier\n02097298_7639.jpg,Scotch_terrier,2
787,Images/n02102177-Welsh_springer_spaniel\n02102177_47.jpg,Welsh_springer_spaniel,3
442,Images/n02104365-schipperke\n02104365_7409.jpg,schipperke,4
710,Images/n02102177-Welsh_springer_spaniel\n02102177_236.jpg,Welsh_springer_spaniel,3
169,Images/n02091032-Italian_greyhound\n02091032_923.jpg,Italian_greyhound,1
396,Images/n02104365-schipperke\n02104365_5411.jpg,schipperke,4
612,Images/n02097298-Scotch_terrier\n02097298_7631.jpg,Scotch_terrier,2
291,Images/n02107574-Greater_Swiss_Mountain_dog\n02107574_298.jpg,Greater_Swiss_Mountain_dog,0
128,Images/n02091032-Italian_greyhound\n02091032_652.jpg,Italian_greyhound,1
770,Images/n02102177-Welsh_springer_spaniel\n02102177_4024.jpg,Welsh_springer_spaniel,3
575,Images/n02097298-Scotch_terrier\n02097298_4126.jpg,Scotch_terrier,2
257,Images/n02107574-Greater_Swiss_Mountain_dog\n02107574_2339.jpg,Greater_Swiss_Mountain_dog,0
499,Images/n02104365-schipperke\n02104365_9916.jpg,schipperke,4
741,Images/n02102177-Welsh_springer_spaniel\n02102177_3142.jpg,Welsh_springer_spaniel,3
616,Images/n02097298-Scotch_terrier\n02097298_7835.jpg,Scotch_terrier,2
371,Images/n02104365-schipperke\n02104365_1841.jpg,schipperke,4
552,Images/n02097298-Scotch_terrier\n02097298_2868.jpg,Scotch_terrier,2
407,Images/n02104365-schipperke\n02104365_6354.jpg,schipperke,4
686,Images/n02102177-Welsh_springer_spaniel\n02102177_1681.jpg,Welsh_springer_spaniel,3
784,Images/n02102177-Welsh_springer_spaniel\n02102177_4332.jpg,Welsh_springer_spaniel,3
765,Images/n02102177-Welsh_springer_spaniel\n02102177_392.jpg,Welsh_springer_spaniel,3
115,Images/n02091032-Italian_greyhound\n02091032_5638.jpg,Italian_greyhound,1
424,Images/n02104365-schipperke\n02104365_6732.jpg,schipperke,4
510,Images/n02097298-Scotch_terrier\n02097298_11702.jpg,Scotch_terrier,2
625,Images/n02097298-Scotch_terrier\n02097298_8191.jpg,Scotch_terrier,2
568,Images/n02097298-Scotch_terrier\n02097298_3641.jpg,Scotch_terrier,2
698,Images/n02102177-Welsh_springer_spaniel\n02102177_1999.jpg,Welsh_springer_spaniel,3
88,Images/n02091032-Italian_greyhound\n02091032_3965.jpg,Italian_greyhound,1
213,Images/n02107574-Greater_Swiss_Mountain_dog\n02107574_1437.jpg,Greater_Swiss_Mountain_dog,0
779,Images/n02102177-Welsh_springer_spaniel\n02102177_4232.jpg,Welsh_springer_spaniel,3
73,Images/n02091032-Italian_greyhound\n02091032_3050.jpg,Italian_greyhound,1
399,Images/n02104365-schipperke\n02104365_5740.jpg,schipperke,4
752,Images/n02102177-Welsh_springer_spaniel\n02102177_3603.jpg,Welsh_springer_spaniel,3
122,Images/n02091032-Italian_greyhound\n02091032_6037.jpg,Italian_greyhound,1
571,Images/n02097298-Scotch_terrier\n02097298_39.jpg,Scotch_terrier,2
189,Images/n02107574-Greater_Swiss_Mountain_dog\n02107574_1041.jpg,Greater_Swiss_Mountain_dog,0
611,Images/n02097298-Scotch_terrier\n02097298_7629.jpg,Scotch_terrier,2
431,Images/n02104365-schipperke\n02104365_7018.jpg,schipperke,4
113,Images/n02091032-Italian_greyhound\n02091032_5526.jpg,Italian_greyhound,1
36,Images/n02091032-Italian_greyhound\n02091032_135.jpg,Italian_greyhound,1
749,Images/n02102177-Welsh_springer_spaniel\n02102177_3438.jpg,Welsh_springer_spaniel,3
107,Images/n02091032-Italian_greyhound\n02091032_526.jpg,Italian_greyhound,1
167,Images/n02091032-Italian_greyhound\n02091032_9131.jpg,Italian_greyhound,1
599,Images/n02097298-Scotch_terrier\n02097298_6732.jpg,Scotch_terrier,2
269,Images/n02107574-Greater_Swiss_Mountain_dog\n02107574_2527.jpg,Greater_Swiss_Mountain_dog,0
10,Images/n02091032-Italian_greyhound\n02091032_10507.jpg,Italian_greyhound,1
245,Images/n02107574-Greater_Swiss_Mountain_dog\n02107574_2100.jpg,Greater_Swiss_Mountain_dog,0
386,Images/n02104365-schipperke\n02104365_3950.jpg,schipperke,4
94,Images/n02091032-Italian_greyhound\n02091032_4323.jpg,Italian_greyhound,1
601,Images/n02097298-Scotch_terrier\n02097298_6781.jpg,Scotch_terrier,2
460,Images/n02104365-schipperke\n02104365_7953.jpg,schipperke,4
175,Images/n02091032-Italian_greyhound\n02091032_9613.jpg,Italian_greyhound,1
450,Images/n02104365-schipperke\n02104365_7768.jpg,schipperke,4
501,Images/n02104365-schipperke\n02104365_996.jpg,schipperke,4
275,Images/n02107574-Greater_Swiss_Mountain_dog\n02107574_2633.jpg,Greater_Swiss_Mountain_dog,0
78,Images/n02091032-Italian_greyhound\n02091032_347.jpg,Italian_greyhound,1
290,Images/n02107574-Greater_Swiss_Mountain_dog\n02107574_2960.jpg,Greater_Swiss_Mountain_dog,0
144,Images/n02091032-Italian_greyhound\n02091032_7548.jpg,Italian_greyhound,1
48,Images/n02091032-Italian_greyhound\n02091032_1547.jpg,Italian_greyhound,1
346,Images/n02107574-Greater_Swiss_Mountain_dog\n02107574_972.jpg,Greater_Swiss_Mountain_dog,0
538,Images/n02097298-Scotch_terrier\n02097298_2287.jpg,Scotch_terrier,2
3,Images/n02091032-Italian_greyhound\n02091032_10300.jpg,Italian_greyhound,1
589,Images/n02097298-Scotch_terrier\n02097298_6084.jpg,Scotch_terrier,2
401,Images/n02104365-schipperke\n02104365_5967.jpg,schipperke,4
579,Images/n02097298-Scotch_terrier\n02097298_4565.jpg,Scotch_terrier,2
739,Images/n02102177-Welsh_springer_spaniel\n02102177_3032.jpg,Welsh_springer_spaniel,3
398,Images/n02104365-schipperke\n02104365_5670.jpg,schipperke,4
408,Images/n02104365-schipperke\n02104365_6384.jpg,schipperke,4
81,Images/n02091032-Italian_greyhound\n02091032_358.jpg,Italian_greyhound,1
20,Images/n02091032-Italian_greyhound\n02091032_1121.jpg,Italian_greyhound,1
385,Images/n02104365-schipperke\n02104365_3826.jpg,schipperke,4
687,Images/n02102177-Welsh_springer_spaniel\n02102177_1702.jpg,Welsh_springer_spaniel,3
230,Images/n02107574-Greater_Swiss_Mountain_dog\n02107574_1817.jpg,Greater_Swiss_Mountain_dog,0
272,Images/n02107574-Greater_Swiss_Mountain_dog\n02107574_2579.jpg,Greater_Swiss_Mountain_dog,0
425,Images/n02104365-schipperke\n02104365_675.jpg,schipperke,4
697,Images/n02102177-Welsh_springer_spaniel\n02102177_1998.jpg,Welsh_springer_spaniel,3
394,Images/n02104365-schipperke\n02104365_482.jpg,schipperke,4
156,Images/n02091032-Italian_greyhound\n02091032_8298.jpg,Italian_greyhound,1
573,Images/n02097298-Scotch_terrier\n02097298_4020.jpg,Scotch_terrier,2
369,Images/n02104365-schipperke\n02104365_1822.jpg,schipperke,4
535,Images/n02097298-Scotch_terrier\n02097298_2184.jpg,Scotch_terrier,2
98,Images/n02091032-Italian_greyhound\n02091032_4659.jpg,Italian_greyhound,1
197,Images/n02107574-Greater_Swiss_Mountain_dog\n02107574_1101.jpg,Greater_Swiss_Mountain_dog,0
534,Images/n02097298-Scotch_terrier\n02097298_2135.jpg,Scotch_terrier,2
607,Images/n02097298-Scotch_terrier\n02097298_7371.jpg,Scotch_terrier,2
525,Images/n02097298-Scotch_terrier\n02097298_15251.jpg,Scotch_terrier,2
464,Images/n02104365-schipperke\n02104365_8161.jpg,schipperke,4
179,Images/n02091032-Italian_greyhound\n02091032_989.jpg,Italian_greyhound,1
506,Images/n02097298-Scotch_terrier\n02097298_10965.jpg,Scotch_terrier,2
306,Images/n02107574-Greater_Swiss_Mountain_dog\n02107574_380.jpg,Greater_Swiss_Mountain_dog,0
463,Images/n02104365-schipperke\n02104365_8156.jpg,schipperke,4
451,Images/n02104365-schipperke\n02104365_7791.jpg,schipperke,4
95,Images/n02091032-Italian_greyhound\n02091032_4458.jpg,Italian_greyhound,1
67,Images/n02091032-Italian_greyhound\n02091032_212.jpg,Italian_greyhound,1
34,Images/n02091032-Italian_greyhound\n02091032_1248.jpg,Italian_greyhound,1
282,Images/n02107574-Greater_Swiss_Mountain_dog\n02107574_2724.jpg,Greater_Swiss_Mountain_dog,0
271,Images/n02107574-Greater_Swiss_Mountain_dog\n02107574_2577.jpg,Greater_Swiss_Mountain_dog,0
297,Images/n02107574-Greater_Swiss_Mountain_dog\n02107574_3113.jpg,Greater_Swiss_Mountain_dog,0
176,Images/n02091032-Italian_greyhound\n02091032_9628.jpg,Italian_greyhound,1
133,Images/n02091032-Italian_greyhound\n02091032_6817.jpg,Italian_greyhound,1
715,Images/n02102177-Welsh_springer_spaniel\n02102177_2412.jpg,Welsh_springer_spaniel,3
673,Images/n02102177-Welsh_springer_spaniel\n02102177_1242.jpg,Welsh_springer_spaniel,3
114,Images/n02091032-Italian_greyhound\n02091032_561.jpg,Italian_greyhound,1
207,Images/n02107574-Greater_Swiss_Mountain_dog\n02107574_1315.jpg,Greater_Swiss_Mountain_dog,0
417,Images/n02104365-schipperke\n02104365_6601.jpg,schipperke,4
29,Images/n02091032-Italian_greyhound\n02091032_11998.jpg,Italian_greyhound,1
39,Images/n02091032-Italian_greyhound\n02091032_1389.jpg,Italian_greyhound,1
751,Images/n02102177-Welsh_springer_spaniel\n02102177_3524.jpg,Welsh_springer_spaniel,3
79,Images/n02091032-Italian_greyhound\n02091032_3470.jpg,Italian_greyhound,1
314,Images/n02107574-Greater_Swiss_Mountain_dog\n02107574_481.jpg,Greater_Swiss_Mountain_dog,0
733,Images/n02102177-Welsh_springer_spaniel\n02102177_2875.jpg,Welsh_springer_spaniel,3
236,Images/n02107574-Greater_Swiss_Mountain_dog\n02107574_1952.jpg,Greater_Swiss_Mountain_dog,0
253,Images/n02107574-Greater_Swiss_Mountain_dog\n02107574_2283.jpg,Greater_Swiss_Mountain_dog,0
354,Images/n02104365-schipperke\n02104365_10282.jpg,schipperke,4
685,Images/n02102177-Welsh_springer_spaniel\n02102177_1643.jpg,Welsh_springer_spaniel,3
121,Images/n02091032-Italian_greyhound\n02091032_5975.jpg,Italian_greyhound,1
86,Images/n02091032-Italian_greyhound\n02091032_3875.jpg,Italian_greyhound,1
694,Images/n02102177-Welsh_springer_spaniel\n02102177_1914.jpg,Welsh_springer_spaniel,3
629,Images/n02097298-Scotch_terrier\n02097298_8278.jpg,Scotch_terrier,2
781,Images/n02102177-Welsh_springer_spaniel\n02102177_4292.jpg,Welsh_springer_spaniel,3
689,Images/n02102177-Welsh_springer_spaniel\n02102177_1760.jpg,Welsh_springer_spaniel,3
261,Images/n02107574-Greater_Swiss_Mountain_dog\n02107574_2370.jpg,Greater_Swiss_Mountain_dog,0
147,Images/n02091032-Italian_greyhound\n02091032_774.jpg,Italian_greyhound,1
215,Images/n02107574-Greater_Swiss_Mountain_dog\n02107574_1459.jpg,Greater_Swiss_Mountain_dog,0
738,Images/n02102177-Welsh_springer_spaniel\n02102177_30.jpg,Welsh_springer_spaniel,3
459,Images/n02104365-schipperke\n02104365_7944.jpg,schipperke,4
201,Images/n02107574-Greater_Swiss_Mountain_dog\n02107574_1174.jpg,Greater_Swiss_Mountain_dog,0
526,Images/n02097298-Scotch_terrier\n02097298_161.jpg,Scotch_terrier,2
343,Images/n02107574-Greater_Swiss_Mountain_dog\n02107574_926.jpg,Greater_Swiss_Mountain_dog,0
786,Images/n02102177-Welsh_springer_spaniel\n02102177_466.jpg,Welsh_springer_spaniel,3
419,Images/n02104365-schipperke\n02104365_663.jpg,schipperke,4
200,Images/n02107574-Greater_Swiss_Mountain_dog\n02107574_1132.jpg,Greater_Swiss_Mountain_dog,0
638,Images/n02097298-Scotch_terrier\n02097298_8552.jpg,Scotch_terrier,2
112,Images/n02091032-Italian_greyhound\n02091032_551.jpg,Italian_greyhound,1
730,Images/n02102177-Welsh_springer_spaniel\n02102177_2755.jpg,Welsh_springer_spaniel,3
711,Images/n02102177-Welsh_springer_spaniel\n02102177_2365.jpg,Welsh_springer_spaniel,3
746,Images/n02102177-Welsh_springer_spaniel\n02102177_3374.jpg,Welsh_springer_spaniel,3
274,Images/n02107574-Greater_Swiss_Mountain_dog\n02107574_261.jpg,Greater_Swiss_Mountain_dog,0
767,Images/n02102177-Welsh_springer_spaniel\n02102177_3947.jpg,Welsh_springer_spaniel,3
87,Images/n02091032-Italian_greyhound\n02091032_3886.jpg,Italian_greyhound,1
327,Images/n02107574-Greater_Swiss_Mountain_dog\n02107574_627.jpg,Greater_Swiss_Mountain_dog,0
182,Images/n02107574-Greater_Swiss_Mountain_dog\n02107574_1007.jpg,Greater_Swiss_Mountain_dog,0
485,Images/n02104365-schipperke\n02104365_9255.jpg,schipperke,4
472,Images/n02104365-schipperke\n02104365_8548.jpg,schipperke,4
802,Images/n02102177-Welsh_springer_spaniel\n02102177_715.jpg,Welsh_springer_spaniel,3
28,Images/n02091032-Italian_greyhound\n02091032_11843.jpg,Italian_greyhound,1
798,Images/n02102177-Welsh_springer_spaniel\n02102177_67.jpg,Welsh_springer_spaniel,3
603,Images/n02097298-Scotch_terrier\n02097298_6980.jpg,Scotch_terrier,2
750,Images/n02102177-Welsh_springer_spaniel\n02102177_3447.jpg,Welsh_springer_spaniel,3
514,Images/n02097298-Scotch_terrier\n02097298_13186.jpg,Scotch_terrier,2
367,Images/n02104365-schipperke\n02104365_1325.jpg,schipperke,4
124,Images/n02091032-Italian_greyhound\n02091032_6223.jpg,Italian_greyhound,1
759,Images/n02102177-Welsh_springer_spaniel\n02102177_3710.jpg,Welsh_springer_spaniel,3
663,Images/n02102177-Welsh_springer_spaniel\n02102177_1028.jpg,Welsh_springer_spaniel,3
278,Images/n02107574-Greater_Swiss_Mountain_dog\n02107574_266.jpg,Greater_Swiss_Mountain_dog,0
101,Images/n02091032-Italian_greyhound\n02091032_490.jpg,Italian_greyhound,1
586,Images/n02097298-Scotch_terrier\n02097298_5074.jpg,Scotch_terrier,2
651,Images/n02097298-Scotch_terrier\n02097298_9251.jpg,Scotch_terrier,2
273,Images/n02107574-Greater_Swiss_Mountain_dog\n02107574_2582.jpg,Greater_Swiss_Mountain_dog,0
688,Images/n02102177-Welsh_springer_spaniel\n02102177_1707.jpg,Welsh_springer_spaniel,3
482,Images/n02104365-schipperke\n02104365_9143.jpg,schipperke,4
551,Images/n02097298-Scotch_terrier\n02097298_2863.jpg,Scotch_terrier,2
393,Images/n02104365-schipperke\n02104365_481.jpg,schipperke,4
718,Images/n02102177-Welsh_springer_spaniel\n02102177_2464.jpg,Welsh_springer_spaniel,3
493,Images/n02104365-schipperke\n02104365_9595.jpg,schipperke,4
233,Images/n02107574-Greater_Swiss_Mountain_dog\n02107574_1871.jpg,Greater_Swiss_Mountain_dog,0
142,Images/n02091032-Italian_greyhound\n02091032_7499.jpg,Italian_greyhound,1
655,Images/n02097298-Scotch_terrier\n02097298_9471.jpg,Scotch_terrier,2
141,Images/n02091032-Italian_greyhound\n02091032_745.jpg,Italian_greyhound,1
30,Images/n02091032-Italian_greyhound\n02091032_12013.jpg,Italian_greyhound,1
462,Images/n02104365-schipperke\n02104365_8119.jpg,schipperke,4
71,Images/n02091032-Italian_greyhound\n02091032_256.jpg,Italian_greyhound,1
265,Images/n02107574-Greater_Swiss_Mountain_dog\n02107574_2436.jpg,Greater_Swiss_Mountain_dog,0
395,Images/n02104365-schipperke\n02104365_518.jpg,schipperke,4
696,Images/n02102177-Welsh_springer_spaniel\n02102177_1980.jpg,Welsh_springer_spaniel,3
232,Images/n02107574-Greater_Swiss_Mountain_dog\n02107574_1866.jpg,Greater_Swiss_Mountain_dog,0
437,Images/n02104365-schipperke\n02104365_7366.jpg,schipperke,4
159,Images/n02091032-Italian_greyhound\n02091032_8428.jpg,Italian_greyhound,1
153,Images/n02091032-Italian_greyhound\n02091032_8150.jpg,Italian_greyhound,1
18,Images/n02091032-Italian_greyhound\n02091032_11088.jpg,Italian_greyhound,1
635,Images/n02097298-Scotch_terrier\n02097298_8427.jpg,Scotch_terrier,2
507,Images/n02097298-Scotch_terrier\n02097298_11133.jpg,Scotch_terrier,2
19,Images/n02091032-Italian_greyhound\n02091032_11119.jpg,Italian_greyhound,1
592,Images/n02097298-Scotch_terrier\n02097298_6276.jpg,Scotch_terrier,2
172,Images/n02091032-Italian_greyhound\n02091032_9491.jpg,Italian_greyhound,1
800,Images/n02102177-Welsh_springer_spaniel\n02102177_702.jpg,Welsh_springer_spaniel,3
286,Images/n02107574-Greater_Swiss_Mountain_dog\n02107574_2806.jpg,Greater_Swiss_Mountain_dog,0
610,Images/n02097298-Scotch_terrier\n02097298_759.jpg,Scotch_terrier,2
338,Images/n02107574-Greater_Swiss_Mountain_dog\n02107574_835.jpg,Greater_Swiss_Mountain_dog,0
490,Images/n02104365-schipperke\n02104365_9399.jpg,schipperke,4
125,Images/n02091032-Italian_greyhound\n02091032_6345.jpg,Italian_greyhound,1
550,Images/n02097298-Scotch_terrier\n02097298_2792.jpg,Scotch_terrier,2
104,Images/n02091032-Italian_greyhound\n02091032_5.jpg,Italian_greyhound,1
806,Images/n02102177-Welsh_springer_spaniel\n02102177_839.jpg,Welsh_springer_spaniel,3
565,Images/n02097298-Scotch_terrier\n02097298_3589.jpg,Scotch_terrier,2
641,Images/n02097298-Scotch_terrier\n02097298_8858.jpg,Scotch_terrier,2
461,Images/n02104365-schipperke\n02104365_7956.jpg,schipperke,4
25,Images/n02091032-Italian_greyhound\n02091032_11660.jpg,Italian_greyhound,1
380,Images/n02104365-schipperke\n02104365_2981.jpg,schipperke,4
89,Images/n02091032-Italian_greyhound\n02091032_4004.jpg,Italian_greyhound,1
483,Images/n02104365-schipperke\n02104365_9238.jpg,schipperke,4
614,Images/n02097298-Scotch_terrier\n02097298_7694.jpg,Scotch_terrier,2
727,Images/n02102177-Welsh_springer_spaniel\n02102177_2666.jpg,Welsh_springer_spaniel,3
717,Images/n02102177-Welsh_springer_spaniel\n02102177_2447.jpg,Welsh_springer_spaniel,3
279,Images/n02107574-Greater_Swiss_Mountain_dog\n02107574_2662.jpg,Greater_Swiss_Mountain_dog,0
433,Images/n02104365-schipperke\n02104365_7158.jpg,schipperke,4
423,Images/n02104365-schipperke\n02104365_67.jpg,schipperke,4
563,Images/n02097298-Scotch_terrier\n02097298_3522.jpg,Scotch_terrier,2
351,Images/n02104365-schipperke\n02104365_10139.jpg,schipperke,4
600,Images/n02097298-Scotch_terrier\n02097298_6740.jpg,Scotch_terrier,2
427,Images/n02104365-schipperke\n02104365_6798.jpg,schipperke,4
757,Images/n02102177-Welsh_springer_spaniel\n02102177_368.jpg,Welsh_springer_spaniel,3
734,Images/n02102177-Welsh_springer_spaniel\n02102177_2891.jpg,Welsh_springer_spaniel,3
654,Images/n02097298-Scotch_terrier\n02097298_946.jpg,Scotch_terrier,2
766,Images/n02102177-Welsh_springer_spaniel\n02102177_3928.jpg,Welsh_springer_spaniel,3
154,Images/n02091032-Italian_greyhound\n02091032_8244.jpg,Italian_greyhound,1
596,Images/n02097298-Scotch_terrier\n02097298_6474.jpg,Scotch_terrier,2
283,Images/n02107574-Greater_Swiss_Mountain_dog\n02107574_2727.jpg,Greater_Swiss_Mountain_dog,0
648,Images/n02097298-Scotch_terrier\n02097298_92.jpg,Scotch_terrier,2
709,Images/n02102177-Welsh_springer_spaniel\n02102177_2349.jpg,Welsh_springer_spaniel,3
198,Images/n02107574-Greater_Swiss_Mountain_dog\n02107574_1118.jpg,Greater_Swiss_Mountain_dog,0
546,Images/n02097298-Scotch_terrier\n02097298_2583.jpg,Scotch_terrier,2
323,Images/n02107574-Greater_Swiss_Mountain_dog\n02107574_581.jpg,Greater_Swiss_Mountain_dog,0
518,Images/n02097298-Scotch_terrier\n02097298_13452.jpg,Scotch_terrier,2
45,Images/n02091032-Italian_greyhound\n02091032_1481.jpg,Italian_greyhound,1
615,Images/n02097298-Scotch_terrier\n02097298_78.jpg,Scotch_terrier,2
783,Images/n02102177-Welsh_springer_spaniel\n02102177_4311.jpg,Welsh_springer_spaniel,3
152,Images/n02091032-Italian_greyhound\n02091032_8093.jpg,Italian_greyhound,1
164,Images/n02091032-Italian_greyhound\n02091032_904.jpg,Italian_greyhound,1
675,Images/n02102177-Welsh_springer_spaniel\n02102177_1361.jpg,Welsh_springer_spaniel,3
186,Images/n02107574-Greater_Swiss_Mountain_dog\n02107574_1028.jpg,Greater_Swiss_Mountain_dog,0
576,Images/n02097298-Scotch_terrier\n02097298_4162.jpg,Scotch_terrier,2
720,Images/n02102177-Welsh_springer_spaniel\n02102177_2524.jpg,Welsh_springer_spaniel,3
131,Images/n02091032-Italian_greyhound\n02091032_6587.jpg,Italian_greyhound,1
555,Images/n02097298-Scotch_terrier\n02097298_2998.jpg,Scotch_terrier,2
336,Images/n02107574-Greater_Swiss_Mountain_dog\n02107574_798.jpg,Greater_Swiss_Mountain_dog,0
448,Images/n02104365-schipperke\n02104365_7641.jpg,schipperke,4
664,Images/n02102177-Welsh_springer_spaniel\n02102177_1039.jpg,Welsh_springer_spaniel,3
383,Images/n02104365-schipperke\n02104365_3587.jpg,schipperke,4
105,Images/n02091032-Italian_greyhound\n02091032_5093.jpg,Italian_greyhound,1
517,Images/n02097298-Scotch_terrier\n02097298_1327.jpg,Scotch_terrier,2
289,Images/n02107574-Greater_Swiss_Mountain_dog\n02107574_2954.jpg,Greater_Swiss_Mountain_dog,0
498,Images/n02104365-schipperke\n02104365_9873.jpg,schipperke,4
345,Images/n02107574-Greater_Swiss_Mountain_dog\n02107574_97.jpg,Greater_Swiss_Mountain_dog,0
243,Images/n02107574-Greater_Swiss_Mountain_dog\n02107574_2066.jpg,Greater_Swiss_Mountain_dog,0
683,Images/n02102177-Welsh_springer_spaniel\n02102177_1546.jpg,Welsh_springer_spaniel,3
267,Images/n02107574-Greater_Swiss_Mountain_dog\n02107574_2477.jpg,Greater_Swiss_Mountain_dog,0
80,Images/n02091032-Italian_greyhound\n02091032_3564.jpg,Italian_greyhound,1
452,Images/n02104365-schipperke\n02104365_7822.jpg,schipperke,4
782,Images/n02102177-Welsh_springer_spaniel\n02102177_4294.jpg,Welsh_springer_spaniel,3
653,Images/n02097298-Scotch_terrier\n02097298_9432.jpg,Scotch_terrier,2
397,Images/n02104365-schipperke\n02104365_5551.jpg,schipperke,4
761,Images/n02102177-Welsh_springer_spaniel\n02102177_3737.jpg,Welsh_springer_spaniel,3
578,Images/n02097298-Scotch_terrier\n02097298_4485.jpg,Scotch_terrier,2
353,Images/n02104365-schipperke\n02104365_10252.jpg,schipperke,4
293,Images/n02107574-Greater_Swiss_Mountain_dog\n02107574_2998.jpg,Greater_Swiss_Mountain_dog,0
724,Images/n02102177-Welsh_springer_spaniel\n02102177_2621.jpg,Welsh_springer_spaniel,3
205,Images/n02107574-Greater_Swiss_Mountain_dog\n02107574_1249.jpg,Greater_Swiss_Mountain_dog,0
670,Images/n02102177-Welsh_springer_spaniel\n02102177_1187.jpg,Welsh_springer_spaniel,3
593,Images/n02097298-Scotch_terrier\n02097298_6313.jpg,Scotch_terrier,2
132,Images/n02091032-Italian_greyhound\n02091032_6728.jpg,Italian_greyhound,1
294,Images/n02107574-Greater_Swiss_Mountain_dog\n02107574_3001.jpg,Greater_Swiss_Mountain_dog,0
725,Images/n02102177-Welsh_springer_spaniel\n02102177_2628.jpg,Welsh_springer_spaniel,3
598,Images/n02097298-Scotch_terrier\n02097298_6681.jpg,Scotch_terrier,2
788,Images/n02102177-Welsh_springer_spaniel\n02102177_48.jpg,Welsh_springer_spaniel,3
807,Images/n02102177-Welsh_springer_spaniel\n02102177_859.jpg,Welsh_springer_spaniel,3
789,Images/n02102177-Welsh_springer_spaniel\n02102177_501.jpg,Welsh_springer_spaniel,3
703,Images/n02102177-Welsh_springer_spaniel\n02102177_2055.jpg,Welsh_springer_spaniel,3
626,Images/n02097298-Scotch_terrier\n02097298_8224.jpg,Scotch_terrier,2
387,Images/n02104365-schipperke\n02104365_3963.jpg,schipperke,4
657,Images/n02097298-Scotch_terrier\n02097298_9651.jpg,Scotch_terrier,2
659,Images/n02097298-Scotch_terrier\n02097298_9721.jpg,Scotch_terrier,2
264,Images/n02107574-Greater_Swiss_Mountain_dog\n02107574_2386.jpg,Greater_Swiss_Mountain_dog,0
415,Images/n02104365-schipperke\n02104365_6551.jpg,schipperke,4
645,Images/n02097298-Scotch_terrier\n02097298_9059.jpg,Scotch_terrier,2
220,Images/n02107574-Greater_Swiss_Mountain_dog\n02107574_1499.jpg,Greater_Swiss_Mountain_dog,0
693,Images/n02102177-Welsh_springer_spaniel\n02102177_1874.jpg,Welsh_springer_spaniel,3
8,Images/n02091032-Italian_greyhound\n02091032_10435.jpg,Italian_greyhound,1
311,Images/n02107574-Greater_Swiss_Mountain_dog\n02107574_434.jpg,Greater_Swiss_Mountain_dog,0
302,Images/n02107574-Greater_Swiss_Mountain_dog\n02107574_3274.jpg,Greater_Swiss_Mountain_dog,0
312,Images/n02107574-Greater_Swiss_Mountain_dog\n02107574_445.jpg,Greater_Swiss_Mountain_dog,0
375,Images/n02104365-schipperke\n02104365_2263.jpg,schipperke,4
102,Images/n02091032-Italian_greyhound\n02091032_4970.jpg,Italian_greyhound,1
388,Images/n02104365-schipperke\n02104365_4107.jpg,schipperke,4
361,Images/n02104365-schipperke\n02104365_10634.jpg,schipperke,4
84,Images/n02091032-Italian_greyhound\n02091032_3763.jpg,Italian_greyhound,1
32,Images/n02091032-Italian_greyhound\n02091032_12144.jpg,Italian_greyhound,1
227,Images/n02107574-Greater_Swiss_Mountain_dog\n02107574_169.jpg,Greater_Swiss_Mountain_dog,0
704,Images/n02102177-Welsh_springer_spaniel\n02102177_2056.jpg,Welsh_springer_spaniel,3
224,Images/n02107574-Greater_Swiss_Mountain_dog\n02107574_1597.jpg,Greater_Swiss_Mountain_dog,0
235,Images/n02107574-Greater_Swiss_Mountain_dog\n02107574_1927.jpg,Greater_Swiss_Mountain_dog,0
412,Images/n02104365-schipperke\n02104365_6498.jpg,schipperke,4
640,Images/n02097298-Scotch_terrier\n02097298_8689.jpg,Scotch_terrier,2
150,Images/n02091032-Italian_greyhound\n02091032_7838.jpg,Italian_greyhound,1
75,Images/n02091032-Italian_greyhound\n02091032_3213.jpg,Italian_greyhound,1
566,Images/n02097298-Scotch_terrier\n02097298_3611.jpg,Scotch_terrier,2
295,Images/n02107574-Greater_Swiss_Mountain_dog\n02107574_306.jpg,Greater_Swiss_Mountain_dog,0
134,Images/n02091032-Italian_greyhound\n02091032_6979.jpg,Italian_greyhound,1
606,Images/n02097298-Scotch_terrier\n02097298_7262.jpg,Scotch_terrier,2
669,Images/n02102177-Welsh_springer_spaniel\n02102177_1175.jpg,Welsh_springer_spaniel,3
187,Images/n02107574-Greater_Swiss_Mountain_dog\n02107574_1032.jpg,Greater_Swiss_Mountain_dog,0
619,Images/n02097298-Scotch_terrier\n02097298_8038.jpg,Scotch_terrier,2
97,Images/n02091032-Italian_greyhound\n02091032_4653.jpg,Italian_greyhound,1
248,Images/n02107574-Greater_Swiss_Mountain_dog\n02107574_2191.jpg,Greater_Swiss_Mountain_dog,0
372,Images/n02104365-schipperke\n02104365_1852.jpg,schipperke,4
337,Images/n02107574-Greater_Swiss_Mountain_dog\n02107574_819.jpg,Greater_Swiss_Mountain_dog,0
420,Images/n02104365-schipperke\n02104365_6647.jpg,schipperke,4
318,Images/n02107574-Greater_Swiss_Mountain_dog\n02107574_51.jpg,Greater_Swiss_Mountain_dog,0
646,Images/n02097298-Scotch_terrier\n02097298_9085.jpg,Scotch_terrier,2
373,Images/n02104365-schipperke\n02104365_2031.jpg,schipperke,4
636,Images/n02097298-Scotch_terrier\n02097298_8432.jpg,Scotch_terrier,2
51,Images/n02091032-Italian_greyhound\n02091032_1635.jpg,Italian_greyhound,1
266,Images/n02107574-Greater_Swiss_Mountain_dog\n02107574_2474.jpg,Greater_Swiss_Mountain_dog,0
595,Images/n02097298-Scotch_terrier\n02097298_6462.jpg,Scotch_terrier,2
74,Images/n02091032-Italian_greyhound\n02091032_309.jpg,Italian_greyhound,1
180,Images/n02091032-Italian_greyhound\n02091032_990.jpg,Italian_greyhound,1
456,Images/n02104365-schipperke\n02104365_7892.jpg,schipperke,4
151,Images/n02091032-Italian_greyhound\n02091032_7922.jpg,Italian_greyhound,1
497,Images/n02104365-schipperke\n02104365_9712.jpg,schipperke,4
553,Images/n02097298-Scotch_terrier\n02097298_2957.jpg,Scotch_terrier,2
256,Images/n02107574-Greater_Swiss_Mountain_dog\n02107574_2335.jpg,Greater_Swiss_Mountain_dog,0
567,Images/n02097298-Scotch_terrier\n02097298_3618.jpg,Scotch_terrier,2
363,Images/n02104365-schipperke\n02104365_1151.jpg,schipperke,4
587,Images/n02097298-Scotch_terrier\n02097298_508.jpg,Scotch_terrier,2
642,Images/n02097298-Scotch_terrier\n02097298_8911.jpg,Scotch_terrier,2
241,Images/n02107574-Greater_Swiss_Mountain_dog\n02107574_2033.jpg,Greater_Swiss_Mountain_dog,0
487,Images/n02104365-schipperke\n02104365_9337.jpg,schipperke,4
708,Images/n02102177-Welsh_springer_spaniel\n02102177_2260.jpg,Welsh_springer_spaniel,3
768,Images/n02102177-Welsh_springer_spaniel\n02102177_3974.jpg,Welsh_springer_spaniel,3
225,Images/n02107574-Greater_Swiss_Mountain_dog\n02107574_1661.jpg,Greater_Swiss_Mountain_dog,0
174,Images/n02091032-Italian_greyhound\n02091032_9592.jpg,Italian_greyhound,1
681,Images/n02102177-Welsh_springer_spaniel\n02102177_1509.jpg,Welsh_springer_spaniel,3
707,Images/n02102177-Welsh_springer_spaniel\n02102177_2177.jpg,Welsh_springer_spaniel,3
470,Images/n02104365-schipperke\n02104365_8466.jpg,schipperke,4
322,Images/n02107574-Greater_Swiss_Mountain_dog\n02107574_579.jpg,Greater_Swiss_Mountain_dog,0
137,Images/n02091032-Italian_greyhound\n02091032_7188.jpg,Italian_greyhound,1
308,Images/n02107574-Greater_Swiss_Mountain_dog\n02107574_417.jpg,Greater_Swiss_Mountain_dog,0
192,Images/n02107574-Greater_Swiss_Mountain_dog\n02107574_1059.jpg,Greater_Swiss_Mountain_dog,0
443,Images/n02104365-schipperke\n02104365_7431.jpg,schipperke,4
15,Images/n02091032-Italian_greyhound\n02091032_10984.jpg,Italian_greyhound,1
402,Images/n02104365-schipperke\n02104365_5970.jpg,schipperke,4
400,Images/n02104365-schipperke\n02104365_5781.jpg,schipperke,4
623,Images/n02097298-Scotch_terrier\n02097298_8146.jpg,Scotch_terrier,2
305,Images/n02107574-Greater_Swiss_Mountain_dog\n02107574_344.jpg,Greater_Swiss_Mountain_dog,0
679,Images/n02102177-Welsh_springer_spaniel\n02102177_1472.jpg,Welsh_springer_spaniel,3
495,Images/n02104365-schipperke\n02104365_9639.jpg,schipperke,4
468,Images/n02104365-schipperke\n02104365_8398.jpg,schipperke,4
527,Images/n02097298-Scotch_terrier\n02097298_16738.jpg,Scotch_terrier,2
65,Images/n02091032-Italian_greyhound\n02091032_1933.jpg,Italian_greyhound,1
249,Images/n02107574-Greater_Swiss_Mountain_dog\n02107574_2222.jpg,Greater_Swiss_Mountain_dog,0
633,Images/n02097298-Scotch_terrier\n02097298_8392.jpg,Scotch_terrier,2
76,Images/n02091032-Italian_greyhound\n02091032_3277.jpg,Italian_greyhound,1
82,Images/n02091032-Italian_greyhound\n02091032_36.jpg,Italian_greyhound,1
54,Images/n02091032-Italian_greyhound\n02091032_1679.jpg,Italian_greyhound,1
366,Images/n02104365-schipperke\n02104365_1292.jpg,schipperke,4
559,Images/n02097298-Scotch_terrier\n02097298_344.jpg,Scotch_terrier,2
184,Images/n02107574-Greater_Swiss_Mountain_dog\n02107574_1019.jpg,Greater_Swiss_Mountain_dog,0
639,Images/n02097298-Scotch_terrier\n02097298_8558.jpg,Scotch_terrier,2
471,Images/n02104365-schipperke\n02104365_8525.jpg,schipperke,4
298,Images/n02107574-Greater_Swiss_Mountain_dog\n02107574_3132.jpg,Greater_Swiss_Mountain_dog,0
572,Images/n02097298-Scotch_terrier\n02097298_3968.jpg,Scotch_terrier,2
569,Images/n02097298-Scotch_terrier\n02097298_378.jpg,Scotch_terrier,2
570,Images/n02097298-Scotch_terrier\n02097298_3780.jpg,Scotch_terrier,2
296,Images/n02107574-Greater_Swiss_Mountain_dog\n02107574_3099.jpg,Greater_Swiss_Mountain_dog,0
263,Images/n02107574-Greater_Swiss_Mountain_dog\n02107574_2383.jpg,Greater_Swiss_Mountain_dog,0
680,Images/n02102177-Welsh_springer_spaniel\n02102177_1476.jpg,Welsh_springer_spaniel,3
93,Images/n02091032-Italian_greyhound\n02091032_4245.jpg,Italian_greyhound,1
481,Images/n02104365-schipperke\n02104365_9131.jpg,schipperke,4
315,Images/n02107574-Greater_Swiss_Mountain_dog\n02107574_492.jpg,Greater_Swiss_Mountain_dog,0
49,Images/n02091032-Italian_greyhound\n02091032_1564.jpg,Italian_greyhound,1
226,Images/n02107574-Greater_Swiss_Mountain_dog\n02107574_1669.jpg,Greater_Swiss_Mountain_dog,0
70,Images/n02091032-Italian_greyhound\n02091032_2472.jpg,Italian_greyhound,1
364,Images/n02104365-schipperke\n02104365_1158.jpg,schipperke,4
374,Images/n02104365-schipperke\n02104365_2092.jpg,schipperke,4
810,Images/n02102177-Welsh_springer_spaniel\n02102177_964.jpg,Welsh_springer_spaniel,3
355,Images/n02104365-schipperke\n02104365_10319.jpg,schipperke,4
650,Images/n02097298-Scotch_terrier\n02097298_9217.jpg,Scotch_terrier,2
618,Images/n02097298-Scotch_terrier\n02097298_7932.jpg,Scotch_terrier,2
118,Images/n02091032-Italian_greyhound\n02091032_5872.jpg,Italian_greyhound,1
307,Images/n02107574-Greater_Swiss_Mountain_dog\n02107574_402.jpg,Greater_Swiss_Mountain_dog,0
453,Images/n02104365-schipperke\n02104365_7859.jpg,schipperke,4
505,Images/n02097298-Scotch_terrier\n02097298_10676.jpg,Scotch_terrier,2
23,Images/n02091032-Italian_greyhound\n02091032_1158.jpg,Italian_greyhound,1
732,Images/n02102177-Welsh_springer_spaniel\n02102177_2852.jpg,Welsh_springer_spaniel,3
726,Images/n02102177-Welsh_springer_spaniel\n02102177_2631.jpg,Welsh_springer_spaniel,3
488,Images/n02104365-schipperke\n02104365_9354.jpg,schipperke,4
106,Images/n02091032-Italian_greyhound\n02091032_5134.jpg,Italian_greyhound,1
7,Images/n02091032-Italian_greyhound\n02091032_1041.jpg,Italian_greyhound,1
682,Images/n02102177-Welsh_springer_spaniel\n02102177_1520.jpg,Welsh_springer_spaniel,3
742,Images/n02102177-Welsh_springer_spaniel\n02102177_3187.jpg,Welsh_springer_spaniel,3
632,Images/n02097298-Scotch_terrier\n02097298_8353.jpg,Scotch_terrier,2
414,Images/n02104365-schipperke\n02104365_6529.jpg,schipperke,4
465,Images/n02104365-schipperke\n02104365_8190.jpg,schipperke,4
489,Images/n02104365-schipperke\n02104365_9369.jpg,schipperke,4
805,Images/n02102177-Welsh_springer_spaniel\n02102177_818.jpg,Welsh_springer_spaniel,3
723,Images/n02102177-Welsh_springer_spaniel\n02102177_2611.jpg,Welsh_springer_spaniel,3
474,Images/n02104365-schipperke\n02104365_8701.jpg,schipperke,4
771,Images/n02102177-Welsh_springer_spaniel\n02102177_408.jpg,Welsh_springer_spaniel,3
748,Images/n02102177-Welsh_springer_spaniel\n02102177_3388.jpg,Welsh_springer_spaniel,3
238,Images/n02107574-Greater_Swiss_Mountain_dog\n02107574_1954.jpg,Greater_Swiss_Mountain_dog,0
303,Images/n02107574-Greater_Swiss_Mountain_dog\n02107574_3289.jpg,Greater_Swiss_Mountain_dog,0
516,Images/n02097298-Scotch_terrier\n02097298_132.jpg,Scotch_terrier,2
508,Images/n02097298-Scotch_terrier\n02097298_11346.jpg,Scotch_terrier,2
684,Images/n02102177-Welsh_springer_spaniel\n02102177_1567.jpg,Welsh_springer_spaniel,3
478,Images/n02104365-schipperke\n02104365_8998.jpg,schipperke,4
588,Images/n02097298-Scotch_terrier\n02097298_6077.jpg,Scotch_terrier,2
360,Images/n02104365-schipperke\n02104365_10606.jpg,schipperke,4
522,Images/n02097298-Scotch_terrier\n02097298_1451.jpg,Scotch_terrier,2
637,Images/n02097298-Scotch_terrier\n02097298_8452.jpg,Scotch_terrier,2
643,Images/n02097298-Scotch_terrier\n02097298_8918.jpg,Scotch_terrier,2
195,Images/n02107574-Greater_Swiss_Mountain_dog\n02107574_1092.jpg,Greater_Swiss_Mountain_dog,0
676,Images/n02102177-Welsh_springer_spaniel\n02102177_1386.jpg,Welsh_springer_spaniel,3
310,Images/n02107574-Greater_Swiss_Mountain_dog\n02107574_431.jpg,Greater_Swiss_Mountain_dog,0
99,Images/n02091032-Italian_greyhound\n02091032_4705.jpg,Italian_greyhound,1
216,Images/n02107574-Greater_Swiss_Mountain_dog\n02107574_1467.jpg,Greater_Swiss_Mountain_dog,0
769,Images/n02102177-Welsh_springer_spaniel\n02102177_3995.jpg,Welsh_springer_spaniel,3
60,Images/n02091032-Italian_greyhound\n02091032_1783.jpg,Italian_greyhound,1
580,Images/n02097298-Scotch_terrier\n02097298_4628.jpg,Scotch_terrier,2
406,Images/n02104365-schipperke\n02104365_6291.jpg,schipperke,4
181,Images/n02091032-Italian_greyhound\n02091032_9980.jpg,Italian_greyhound,1
695,Images/n02102177-Welsh_springer_spaniel\n02102177_1922.jpg,Welsh_springer_spaniel,3
350,Images/n02104365-schipperke\n02104365_10071.jpg,schipperke,4
